{
  "$id": "newsletterEditAction",
  "$schema": "http://json-schema.org/draft-07/schema#",
  "description": "Newsletter Edit Action",
  "type": "object",
  "properties": {
    "name": {
      "type": "string",
      "minLength": 2,
      "maxLength": 100
    },
    "email": {
      "type": "string",
      "minLength": 2,
      "maxLength": 50,
      "format": "email"
    },
    "deliveryType": {
      "type": "string",
      "enum": [
        "DRAFT",
        "NOW",
        "SCHEDULED"
      ]
    },
    "templateName": {
      "type": "string",
      "minLength": 2,
      "maxLength": 100
    },
    "templateInputs": {
      "type": "string",
      "minLength": 0,
      "maxLength": 1000000
    }
  },
  "required": [
    "name",
    "email",
    "deliveryType",
    "templateName",
    "templateInputs"
  ]
}
