{
  "$id": "newsletterPreviewAction",
  "$schema": "http://json-schema.org/draft-07/schema#",
  "description": "Newsletter Preview Action",
  "type": "object",
  "properties": {
    "tempId": {
      "type": "string",
      "minLength": 2,
      "maxLength": 100
    },
    "templateName": {
      "type": "string",
      "minLength": 2,
      "maxLength": 100
    },
    "templateInputs": {
      "type": "string",
      "minLength": 0,
      "maxLength": 1000000
    }
  },
  "required": [
  	"tempId",
    "templateName",
    "templateInputs"
  ]
}
