{
  "$id": "updateSettingsAction",
  "$schema": "http://json-schema.org/draft-07/schema#",
  "description": "Update Settings Action",
  "type": "object",
  "properties": {
    "appName": {
      "type": "string",
      "minLength": 2,
      "maxLength": 50
    },
    "appURL": {
      "type": "string",
      "minLength": 2,
      "maxLength": 50
    },
    "appEmail": {
      "type": "string",
      "minLength": 2,
      "maxLength": 50,
      "format": "email"
    },
    "appLayout": {
      "type": "string",
      "minLength": 2,
      "maxLength": 50
    },
    "appGoogleTrackingCode": {
      "type": "string",
      "minLength": 0,
      "maxLength": 50
    },
    "appMailerProdvider": {
      "type": "string",
      "enum": [
        "disabled",
        "sendmail",
        "aws_ses",
        "mailchimp",
        "mailgun",
        "mailjet",
        "postmark",
        "sendgrid",
        "sendinblue",
        "ohmysmtp",
        "mailtrap"
      ]
    },
    "appMetaDescription": {
      "type": "string",
      "minLength": 0,
      "maxLength": 200
    },
    "appMetaKeywords": {
      "type": "string",
      "minLength": 0,
      "maxLength": 200
    },
    "appMetaTwitterTitle": {
      "type": "string",
      "minLength": 0,
      "maxLength": 200
    },
    "appMetaTwitterDescription": {
      "type": "string",
      "minLength": 0,
      "maxLength": 200
    },
    "appMetaTwitterImage": {
      "type": "string",
      "minLength": 0,
      "maxLength": 10000
    },
    "appMetaTwitterSite": {
      "type": "string",
      "minLength": 0,
      "maxLength": 200
    },
    "appMetaTwitterCreator": {
      "type": "string",
      "minLength": 0,
      "maxLength": 200
    },
    "appNewsletterTitle": {
      "type": "string",
      "minLength": 0,
      "maxLength": 200
    },
    "appNewsletterDescription": {
      "type": "string",
      "minLength": 0,
      "maxLength": 200
    },
    "appNewsletterFooter": {
      "type": "string",
      "minLength": 0,
      "maxLength": 200
    }
  },
  "required": [
    "appName",
    "appURL",
    "appEmail",
    "appLayout",
    "appGoogleTrackingCode",
    "appMailerProdvider",
    "appMetaDescription",
    "appMetaKeywords",
    "appMetaTwitterTitle",
    "appMetaTwitterDescription",
    "appMetaTwitterImage",
    "appMetaTwitterSite",
    "appMetaTwitterCreator",
    "appNewsletterTitle",
    "appNewsletterDescription",
    "appNewsletterFooter"
  ]
}

